exact_match,f_score,epoch
0.763527248088278,0.8702146392325509,1
0.7786274320007743,0.8777274165205987,2
0.7819184977252928,0.8810153318074356,3
