exact_match,f_score,epoch
0.7740780176168812,0.8751980980373537,1
0.7875326686671184,0.88139953601601,2
0.7714645242474107,0.8740776266858182,3
