exact_match,f_score,epoch
0.7780800621842208,0.8730522035086629,1
0.8042168674698795,0.8909734607077007,2
0.807617567042363,0.8893150232419039,3
