exact_match,f_score,epoch
0.7913913719393704,0.8826337610872343,1
0.8067431014380101,0.888504341322915,2
0.8038282160901671,0.8898257546520006,3
