exact_match,f_score,epoch
0.7835211815001943,0.8793059393087785,1
0.8143218033424019,0.8950674697264331,2
0.8123785464438399,0.8937715921778145,3
