exact_match,f_score,epoch
0.7977069568596968,0.8880128190539224,1
0.8042168674698795,0.8889265104921962,2
0.7954722114263506,0.887125507233736,3
