exact_match,f_score,epoch
0.7667215177620753,0.8711817373019607,1
0.7789178201529378,0.8791874204012387,2
0.790920530442358,0.8829849051139198,3
