exact_match,f_score,epoch
0.793043140303148,0.8806094317856079,1
0.8077147298872911,0.8898715211870738,2
0.8025650991061019,0.8801136823701853,3
