exact_match,f_score,epoch
0.7921686746987951,0.8813593939195736,1
0.7960551884959192,0.8814380912484053,2
0.8070345899727944,0.8887388908491257,3
