exact_match,f_score,epoch
0.7887679751263117,0.876903057815444,1
0.8064516129032258,0.8897650184811352,2
0.8062572872133696,0.8898786816504062,3
