exact_match,f_score,epoch
0.7946949086669257,0.8822840928123652,1
0.8041197046249514,0.8882160819120952,2
0.8047998445394481,0.8892653384310991,3
