exact_match,f_score,epoch
0.7279063014229019,0.8500810521527942,1
0.7277127093214597,0.8505625502108372,2
0.7277127093214597,0.8505625502108372,3
