exact_match,f_score,epoch
0.7897396035755927,0.8840714002100885,1
0.8050913330742324,0.891984119656879,2
0.8071317528177225,0.8937303909571943,3
