exact_match,f_score,epoch
0.7845899727944035,0.8777871054792429,1
0.8160707345511077,0.8915990351746436,2
0.8149047804119705,0.892707577989913,3
