exact_match,f_score,epoch
0.769431807182267,0.8729487140329548,1
0.7699157874358726,0.8729295960593553,2
0.7698189913851515,0.8730109417086039,3
