exact_match,f_score,epoch
0.7936261173727167,0.8818532658954013,1
0.8131558492032647,0.8932606232760043,2
0.8139331519626894,0.8942723305394156,3
