exact_match,f_score,epoch
0.7872133696074621,0.8790086003742952,1
0.8132530120481928,0.8934118348756416,2
0.8138359891177613,0.8937173456655514,3
