exact_match,f_score,epoch
0.7830800503339463,0.8784725411758414,1
0.7956635369276933,0.8857436423053661,2
0.7962443132320202,0.8860255146142754,3
